subtotal_code,format,name_de,formula_de,description
PL_GKV-GESAMTLEISTUNG,GKV,Gesamtleistung,Pos. 1 + Pos. 2 + Pos. 3,Total operating output. Implicit in GKV — not a §275 line but consistently reported in practice.
PL_GKV-ROHERGEBNIS,GKV,Rohergebnis (§276 HGB),Pos. 1 + 2 + 3 + 4 − 5 (small companies only),Allowed simplification for kleine Kapitalgesellschaften per §276 HGB. Combines positions 1–5 into a single line.
PL_GKV-BETRIEBSERGEBNIS,GKV,Betriebsergebnis (EBIT-Äquivalent),Pos. 1 bis Pos. 8 (Saldo),Operating result. Not an explicit §275 line but conventionally shown.
PL_UKV-BRUTTOERGEBNIS,UKV,Bruttoergebnis vom Umsatz,Pos. 1 − Pos. 2,Gross profit. EXPLICIT §275 Abs. 3 Nr. 3 line.
PL_UKV-BETRIEBSERGEBNIS,UKV,Betriebsergebnis (EBIT-Äquivalent),Pos. 1 bis Pos. 7 (Saldo),Operating result. Not an explicit §275 line but conventionally shown.
PL_FINANZERGEBNIS,BOTH,Finanzergebnis,GKV: Pos. 9+10+11−12−13 | UKV: Pos. 8+9+10−11−12,Net financial result. Identical in concept across both formats.
PL_EBIT,BOTH,EBIT (Ergebnis vor Zinsen und Steuern),Betriebsergebnis (vor Finanzergebnis und Steuern),Non-statutory KPI — but the most common bridge for cross-format peer benchmarking.
PL_EBT,BOTH,EBT (Ergebnis vor Ertragsteuern),Betriebsergebnis + Finanzergebnis,Equals position 14 GKV / position 13 UKV input.
PL_ERGEBNIS_NACH_STEUERN,BOTH,Ergebnis nach Steuern,EBT − Steuern vom Einkommen und Ertrag,Explicit §275 line in both formats (Pos. 15 GKV / Pos. 14 UKV).
