company_normalized,filing_id,table_heading_normalized,override_type,override_include_in_overview,timestamp,note
ctec_i_gmbh_plochingen,fy2022,,Other,false,2026-06-28T08:38:45,overview source toggled via picker
ctec_i_gmbh_plochingen,fy2022,,Other,true,2026-06-28T08:38:48,overview source toggled via picker
ctec_i_gmbh_plochingen,fy2022,,Other,false,2026-06-28T08:38:49,overview source toggled via picker
ctec_i_gmbh_plochingen,fy2022,,Other,true,2026-06-28T08:38:49,overview source toggled via picker
ctec_i_gmbh_plochingen,fy2022,,Other,false,2026-06-28T08:38:50,overview source toggled via picker
ctec_i_gmbh_plochingen,fy2022,,Other,true,2026-06-28T08:38:50,overview source toggled via picker
ctec_i_gmbh_plochingen,fy2022,,Other,false,2026-06-28T08:38:51,overview source toggled via picker
ctec_i_gmbh_plochingen,fy2022,,Other,true,2026-06-28T08:38:53,overview source toggled via picker
ctec_i_gmbh_plochingen,fy2022,,Other,false,2026-06-28T08:38:53,overview source toggled via picker
ctec_i_gmbh_plochingen,fy2022,,Other,true,2026-06-28T08:38:58,overview source toggled via picker
ctec_i_gmbh_plochingen,fy2022,,Other,false,2026-06-28T08:38:59,overview source toggled via picker
ctec_i_gmbh_plochingen,fy2022,,Other,true,2026-06-28T08:39:19,overview source toggled via picker
ctec_i_gmbh_plochingen,fy2024,gewinn_und_verlustrechnung,Other,false,2026-06-28T08:42:36,overview source toggled via picker
ctec_i_gmbh_plochingen,fy2024,2024_2023,Other,false,2026-06-28T08:42:36,overview source toggled via picker
ctec_i_gmbh_plochingen,fy2024,32_umsatzkosten,Other,false,2026-06-28T08:42:37,overview source toggled via picker
ctec_i_gmbh_plochingen,fy2024,34_forschungs_und_entwicklungskosten,Other,false,2026-06-28T08:42:37,overview source toggled via picker
ctec_i_gmbh_plochingen,fy2024,2024_2023,Other,false,2026-06-28T08:42:38,overview source toggled via picker
ctec_i_gmbh_plochingen,fy2022,teur_2022,Other,false,2026-06-28T08:42:39,overview source toggled via picker
ctec_i_gmbh_plochingen,fy2022,2022,Other,false,2026-06-28T08:42:40,overview source toggled via picker
ctec_i_gmbh_plochingen,fy2022,35_allgemeine_verwaltungskosten,Other,false,2026-06-28T08:42:41,overview source toggled via picker
ctec_i_gmbh_plochingen,fy2022,,Other,false,2026-06-28T08:42:42,overview source toggled via picker
ctec_i_gmbh_plochingen,fy2022,aktiv_passiv,Other,false,2026-06-28T08:42:42,overview source toggled via picker
ctec_i_gmbh_plochingen,fy2022,konzern_gesamtergebnisrechnung_vom_1_januar_bis_31_dezember_2022,Other,false,2026-06-28T08:42:46,overview source toggled via picker
ctec_i_gmbh_plochingen,fy2023,konzern_gesamtergebnisrechnung_vom_1_januar_bis_31_dezember_2023,Other,false,2026-06-28T08:42:50,overview source toggled via picker
ctec_i_gmbh_plochingen,fy2023,2023_2022,Other,false,2026-06-28T08:42:50,overview source toggled via picker
ctec_i_gmbh_plochingen,fy2023,3_erläuterungen_zur_konzerngesamtergebnisrechnung,Other,false,2026-06-28T08:42:51,overview source toggled via picker
ctec_i_gmbh_plochingen,fy2023,32_umsatzkosten,Other,false,2026-06-28T08:42:51,overview source toggled via picker
ctec_i_gmbh_plochingen,fy2023,2023_2022,Other,false,2026-06-28T08:42:52,overview source toggled via picker
ctec_i_gmbh_plochingen,fy2023,2023_2022,Other,false,2026-06-28T08:42:53,overview source toggled via picker
ctec_i_gmbh_plochingen,fy2023,teur_teur,Other,false,2026-06-28T08:42:53,overview source toggled via picker
ctec_i_gmbh_plochingen,fy2024,gewinn_und_verlustrechnung,Other,true,2026-06-28T08:43:06,overview source toggled via picker
ctec_i_gmbh_plochingen,fy2022,konzern_gesamtergebnisrechnung_vom_1_januar_bis_31_dezember_2022,Other,true,2026-06-28T08:43:18,overview source toggled via picker
ctec_i_gmbh_plochingen,fy2023,konzern_gesamtergebnisrechnung_vom_1_januar_bis_31_dezember_2023,Other,true,2026-06-28T08:43:27,overview source toggled via picker
ctec_i_gmbh_plochingen,fy2023,3_erläuterungen_zur_konzerngesamtergebnisrechnung,Other,true,2026-06-28T08:43:32,overview source toggled via picker
ctec_i_gmbh_plochingen,fy2023,3_erläuterungen_zur_konzerngesamtergebnisrechnung,Other,false,2026-06-28T08:43:33,overview source toggled via picker
ctec_i_gmbh_plochingen,fy2023,2023_2022,Other,true,2026-06-28T08:43:37,overview source toggled via picker
ctec_i_gmbh_plochingen,fy2023,2023_2022,Other,false,2026-06-28T08:43:38,overview source toggled via picker
ctec_i_gmbh_plochingen,fy2023,2023_2022,Other,true,2026-06-28T08:43:38,overview source toggled via picker
ctec_i_gmbh_plochingen,fy2023,2023_2022,Other,false,2026-06-28T08:43:38,overview source toggled via picker
ctec_i_gmbh_plochingen,fy2023,2023_2022,Other,true,2026-06-28T08:43:39,overview source toggled via picker
ctec_i_gmbh_plochingen,fy2023,2023_2022,Other,false,2026-06-28T08:43:40,overview source toggled via picker
ctec_i_gmbh_plochingen,fy2023,2023_2022,Other,true,2026-06-28T08:43:41,overview source toggled via picker
ctec_i_gmbh_plochingen,fy2023,2023_2022,Other,false,2026-06-28T08:43:42,overview source toggled via picker
ctec_i_gmbh_plochingen,fy2023,2023_2022,Other,true,2026-06-28T08:43:42,overview source toggled via picker
ctec_i_gmbh_plochingen,fy2023,2023_2022,Other,false,2026-06-28T08:43:43,overview source toggled via picker
ctec_i_gmbh_plochingen,fy2023,2023_2022,Other,true,2026-06-28T08:43:44,overview source toggled via picker
ctec_i_gmbh_plochingen,fy2023,2023_2022,Other,false,2026-06-28T08:43:44,overview source toggled via picker
ctec_i_gmbh_plochingen,fy2023,2023_2022,Other,true,2026-06-28T08:43:45,overview source toggled via picker
ctec_i_gmbh_plochingen,fy2023,2023_2022,Other,false,2026-06-28T08:43:45,overview source toggled via picker
ctec_i_gmbh_plochingen,fy2022,teur_2022,Other,true,2026-06-28T08:43:48,overview source toggled via picker
ctec_i_gmbh_plochingen,fy2022,teur_2022,Other,false,2026-06-28T08:43:48,overview source toggled via picker
ctec_i_gmbh_plochingen,fy2022,teur_2022,Other,true,2026-06-28T08:43:49,overview source toggled via picker
ctec_i_gmbh_plochingen,fy2022,teur_2022,Other,false,2026-06-28T08:43:49,overview source toggled via picker
ctec_i_gmbh_plochingen,fy2023,teur_teur,Other,true,2026-06-28T08:43:54,overview source toggled via picker
ctec_i_gmbh_plochingen,fy2023,teur_teur,Other,false,2026-06-28T08:43:55,overview source toggled via picker
ctec_i_gmbh_plochingen,fy2023,2023_2022,Other,true,2026-06-28T08:43:55,overview source toggled via picker
ctec_i_gmbh_plochingen,fy2023,2023_2022,Other,false,2026-06-28T08:43:56,overview source toggled via picker
ctec_i_gmbh_plochingen,fy2023,2023_2022,Other,true,2026-06-28T08:43:56,overview source toggled via picker
ctec_i_gmbh_plochingen,fy2023,2023_2022,Other,false,2026-06-28T08:43:57,overview source toggled via picker
ctec_i_gmbh_plochingen,fy2023,32_umsatzkosten,Other,true,2026-06-28T08:43:57,overview source toggled via picker
ctec_i_gmbh_plochingen,fy2023,32_umsatzkosten,Other,false,2026-06-28T08:43:58,overview source toggled via picker
ctec_i_gmbh_plochingen,fy2023,3_erläuterungen_zur_konzerngesamtergebnisrechnung,Other,true,2026-06-28T08:43:58,overview source toggled via picker
ctec_i_gmbh_plochingen,fy2023,3_erläuterungen_zur_konzerngesamtergebnisrechnung,Other,false,2026-06-28T08:43:59,overview source toggled via picker
ctec_i_gmbh_plochingen,fy2023,2023_2022,Other,true,2026-06-28T08:43:59,overview source toggled via picker
ctec_i_gmbh_plochingen,fy2023,2023_2022,Other,false,2026-06-28T08:44:00,overview source toggled via picker
ctec_i_gmbh_plochingen,fy2024,konzernbilanz_zum_31_dezember_2024,Bilanz,true,2026-06-28T08:45:41,reclassified from 99 via GUI
ctec_i_gmbh_plochingen,fy2024,gewinn_und_verlustrechnung,GuV,true,2026-06-28T08:45:44,reclassified from 99 via GUI
ctec_i_gmbh_plochingen,fy2024,5_angaben_zur_konzernkapitalflussrechnung,Cashflow,true,2026-06-28T08:45:49,reclassified from 99 via GUI
ctec_i_gmbh_plochingen,fy2023,konzernbilanz_zum_31_dezember_2023,Bilanz,true,2026-06-28T08:46:13,reclassified from 99 via GUI
ctec_i_gmbh_plochingen,fy2023,konzern_gesamtergebnisrechnung_vom_1_januar_bis_31_dezember_2023,GuV,true,2026-06-28T08:46:16,reclassified from 99 via GUI
ctec_i_gmbh_plochingen,fy2023,konzernkapitalflussrechnung_für_das_geschäftsjahr_vom_1_januar_bis_31_dezember_2,Cashflow,true,2026-06-28T08:46:36,reclassified from 99 via GUI
ctec_i_gmbh_plochingen,fy2022,konzern_gesamtergebnisrechnung_vom_1_januar_bis_31_dezember_2022,GuV,true,2026-06-28T08:46:45,reclassified from 99 via GUI
ctec_i_gmbh_plochingen,fy2022,konzernkapitalflussrechnung_für_das_geschäftsjahr_vom_1_januar_bis_31_dezember_2,Cashflow,true,2026-06-28T08:46:50,reclassified from 99 via GUI
ctec_i_gmbh_plochingen,fy2022,,Bilanz,true,2026-06-28T08:46:58,reclassified from 99 via GUI
ctec_i_gmbh_plochingen,fy2022,erbracht_es_bestehen_keine_bedingten_gegenleistungen,Bilanz,true,2026-06-28T08:47:47,reclassified from 99 via GUI
ctec_i_gmbh_plochingen,fy2022,,Bilanz,false,2026-06-28T08:47:57,overview source toggled via picker
ctec_i_gmbh_plochingen,fy2022,,Bilanz,true,2026-06-28T08:47:57,overview source toggled via picker
ctec_i_gmbh_plochingen,fy2024,,Other,false,2026-06-28T08:48:00,overview source toggled via picker
ctec_i_gmbh_plochingen,fy2024,,Other,true,2026-06-28T08:48:00,overview source toggled via picker
ctec_i_gmbh,fy2024,,Other,false,2026-06-28T09:23:44,overview source toggled via picker
ctec_i_gmbh,fy2024,1ac_bewertet_zu_fortgeführten_anschaffungskosten_unter_anwendung_der_effektivzin,Other,false,2026-06-28T09:23:44,overview source toggled via picker
ctec_i_gmbh,fy2024,die_nachfolgende_tabelle_zeigt_die_im_konzernabschluss_bilanzierten_buchwerte_un,Other,false,2026-06-28T09:23:45,overview source toggled via picker
ctec_i_gmbh,fy2024,kapitalmanagement,Other,false,2026-06-28T09:23:46,overview source toggled via picker
ctec_i_gmbh,fy2022,,Other,false,2026-06-28T09:23:47,overview source toggled via picker
ctec_i_gmbh,fy2022,stufe_1_stufe_2_stufe_3,Other,false,2026-06-28T09:23:48,overview source toggled via picker
ctec_i_gmbh,fy2024,5_angaben_zur_konzernkapitalflussrechnung,Other,false,2026-06-28T09:24:11,overview source toggled via picker
ctec_i_gmbh,fy2022,5_angaben_zur_konzernkapitalflussrechnung,Other,false,2026-06-28T09:24:23,overview source toggled via picker
ctec_i_gmbh,fy2022,forderungen_aus_lieferungen_und_leistungen,Other,false,2026-06-28T09:24:24,overview source toggled via picker
ctec_i_gmbh,fy2023,,Other,false,2026-06-28T09:24:24,overview source toggled via picker
ctec_i_gmbh,fy2023,konzernkapitalflussrechnung_für_das_geschäftsjahr_vom_1_januar_bis_31_dezember_2,Other,false,2026-06-28T09:24:25,overview source toggled via picker
ctec_i_gmbh,fy2023,nettogewinne_und_verluste_sowie_gesamtzinserträge_und_aufwendungen,Other,false,2026-06-28T09:24:26,overview source toggled via picker
ctec_i_gmbh,fy2023,2023_2022,Other,false,2026-06-28T09:24:26,overview source toggled via picker
ctec_i_gmbh,fy2023,kapitalmanagement,Other,false,2026-06-28T09:24:28,overview source toggled via picker
ctec_i_gmbh,fy2023,konzernkapitalflussrechnung_für_das_geschäftsjahr_vom_1_januar_bis_31_dezember_2,Other,true,2026-06-28T09:24:29,overview source toggled via picker
ctec_i_gmbh,fy2023,konzernkapitalflussrechnung_für_das_geschäftsjahr_vom_1_januar_bis_31_dezember_2,Other,false,2026-06-28T09:24:30,overview source toggled via picker
ctec_i_gmbh,fy2023,konzernkapitalflussrechnung_für_das_geschäftsjahr_vom_1_januar_bis_31_dezember_2,Other,true,2026-06-28T09:24:30,overview source toggled via picker
ctec_i_gmbh,fy2023,konzernkapitalflussrechnung_für_das_geschäftsjahr_vom_1_januar_bis_31_dezember_2,Other,false,2026-06-28T09:24:31,overview source toggled via picker
ctec_i_gmbh,fy2022,5_angaben_zur_konzernkapitalflussrechnung,Other,true,2026-06-28T09:24:33,overview source toggled via picker
ctec_i_gmbh,fy2022,5_angaben_zur_konzernkapitalflussrechnung,Other,false,2026-06-28T09:24:33,overview source toggled via picker
ctec_i_gmbh,fy2022,konzernkapitalflussrechnung_für_das_geschäftsjahr_vom_1_januar_bis_31_dezember_2,Other,false,2026-06-28T09:24:35,overview source toggled via picker
ctec_i_gmbh,fy2022,konzernkapitalflussrechnung_für_das_geschäftsjahr_vom_1_januar_bis_31_dezember_2,Other,true,2026-06-28T09:24:36,overview source toggled via picker
ctec_i_gmbh,fy2023,konzernkapitalflussrechnung_für_das_geschäftsjahr_vom_1_januar_bis_31_dezember_2,Other,true,2026-06-28T09:24:52,overview source toggled via picker
ctec_i_gmbh,fy2023,konzernkapitalflussrechnung_für_das_geschäftsjahr_vom_1_januar_bis_31_dezember_2,Other,false,2026-06-28T09:24:53,overview source toggled via picker
ctec_i_gmbh,fy2023,konzernkapitalflussrechnung_für_das_geschäftsjahr_vom_1_januar_bis_31_dezember_2,Other,true,2026-06-28T09:24:53,overview source toggled via picker
ctec_i_gmbh,fy2024,5_angaben_zur_konzernkapitalflussrechnung,Other,true,2026-06-28T09:25:01,overview source toggled via picker
ctec_i_gmbh,fy2024,5_angaben_zur_konzernkapitalflussrechnung,Other,false,2026-06-28T09:25:02,overview source toggled via picker
ctec_i_gmbh,fy2024,,Other,true,2026-06-28T09:25:06,overview source toggled via picker
ctec_i_gmbh,fy2024,,Other,false,2026-06-28T09:25:07,overview source toggled via picker
ctec_i_gmbh,fy2024,,Other,true,2026-06-28T09:25:07,overview source toggled via picker
ctec_i_gmbh,fy2024,,Other,false,2026-06-28T09:25:08,overview source toggled via picker
ctec_i_gmbh,fy2022,5_angaben_zur_konzernkapitalflussrechnung,Other,true,2026-06-28T09:25:25,overview source toggled via picker
ctec_i_gmbh,fy2022,5_angaben_zur_konzernkapitalflussrechnung,Other,false,2026-06-28T09:25:26,overview source toggled via picker
ctec_i_gmbh,fy2022,5_angaben_zur_konzernkapitalflussrechnung,Other,true,2026-06-28T09:25:26,overview source toggled via picker
ctec_i_gmbh,fy2023,konzernkapitalflussrechnung_für_das_geschäftsjahr_vom_1_januar_bis_31_dezember_2,Other,false,2026-06-28T09:25:41,overview source toggled via picker
ctec_i_gmbh,fy2024,konzernkapitalflussrechnung_für_das_geschäftsjahr_vom_1_januar_bis_31_dezember_2,Other,false,2026-06-28T09:25:52,overview source toggled via picker
ctec_i_gmbh,fy2024,5_angaben_zur_konzernkapitalflussrechnung,Other,true,2026-06-28T09:25:53,overview source toggled via picker
ctec_i_gmbh,fy2022,konzernkapitalflussrechnung_für_das_geschäftsjahr_vom_1_januar_bis_31_dezember_2,Other,false,2026-06-28T09:25:55,overview source toggled via picker
ctec_i_gmbh,fy2022,5_angaben_zur_konzernkapitalflussrechnung,Other,false,2026-06-28T09:25:58,overview source toggled via picker
ctec_i_gmbh,fy2022,5_angaben_zur_konzernkapitalflussrechnung,Other,true,2026-06-28T09:26:01,overview source toggled via picker
ctec_i_gmbh,fy2024,kapitalmanagement,Other,true,2026-06-28T09:26:04,overview source toggled via picker
ctec_i_gmbh,fy2024,kapitalmanagement,Other,false,2026-06-28T09:26:04,overview source toggled via picker
ctec_i_gmbh,fy2024,konzernkapitalflussrechnung_für_das_geschäftsjahr_vom_1_januar_bis_31_dezember_2,Other,true,2026-06-28T09:26:05,overview source toggled via picker
ctec_i_gmbh,fy2022,5_angaben_zur_konzernkapitalflussrechnung,Other,false,2026-06-28T09:26:19,overview source toggled via picker
ctec_i_gmbh,fy2022,5_angaben_zur_konzernkapitalflussrechnung,Other,true,2026-06-28T09:26:19,overview source toggled via picker
ctec_i_gmbh,fy2023,konzernkapitalflussrechnung_für_das_geschäftsjahr_vom_1_januar_bis_31_dezember_2,Other,true,2026-06-28T09:26:22,overview source toggled via picker
ctec_i_gmbh,fy2024,gewinn_und_verlustrechnung,Other,false,2026-06-28T09:26:37,overview source toggled via picker
ctec_i_gmbh,fy2023,32_umsatzkosten,Other,false,2026-06-28T09:26:41,overview source toggled via picker
ctec_i_gmbh,fy2023,2023_2022,Other,false,2026-06-28T09:26:42,overview source toggled via picker
ctec_i_gmbh,fy2023,2023_2022,Other,false,2026-06-28T09:26:42,overview source toggled via picker
ctec_i_gmbh,fy2023,teur_teur,Other,false,2026-06-28T09:26:43,overview source toggled via picker
ctec_i_gmbh,fy2023,2023_2022,Other,false,2026-06-28T09:26:43,overview source toggled via picker
ctec_i_gmbh,fy2022,aktiv_passiv,Other,false,2026-06-28T09:26:44,overview source toggled via picker
ctec_i_gmbh,fy2022,,Other,false,2026-06-28T09:26:45,overview source toggled via picker
ctec_i_gmbh,fy2022,35_allgemeine_verwaltungskosten,Other,false,2026-06-28T09:26:46,overview source toggled via picker
ctec_i_gmbh,fy2022,2022,Other,false,2026-06-28T09:26:50,overview source toggled via picker
ctec_i_gmbh,fy2022,teur_2022,Other,false,2026-06-28T09:26:51,overview source toggled via picker
ctec_i_gmbh,fy2024,2024_2023,Other,false,2026-06-28T09:26:52,overview source toggled via picker
ctec_i_gmbh,fy2024,34_forschungs_und_entwicklungskosten,Other,false,2026-06-28T09:26:53,overview source toggled via picker
ctec_i_gmbh,fy2024,32_umsatzkosten,Other,false,2026-06-28T09:26:53,overview source toggled via picker
ctec_i_gmbh,fy2024,2024_2023,Other,false,2026-06-28T09:26:54,overview source toggled via picker
ctec_i_gmbh,fy2024,gewinn_und_verlustrechnung,Other,true,2026-06-28T09:26:56,overview source toggled via picker
ctec_i_gmbh,fy2024,gewinn_und_verlustrechnung,Other,false,2026-06-28T09:26:56,overview source toggled via picker
ctec_i_gmbh,fy2024,gewinn_und_verlustrechnung,Other,true,2026-06-28T09:26:57,overview source toggled via picker
ctec_i_gmbh,fy2022,konzern_gesamtergebnisrechnung_vom_1_januar_bis_31_dezember_2022,Other,false,2026-06-28T09:27:00,overview source toggled via picker
ctec_i_gmbh,fy2023,konzern_gesamtergebnisrechnung_vom_1_januar_bis_31_dezember_2023,Other,false,2026-06-28T09:27:03,overview source toggled via picker
ctec_i_gmbh,fy2023,3_erläuterungen_zur_konzerngesamtergebnisrechnung,Other,false,2026-06-28T09:27:04,overview source toggled via picker
ctec_i_gmbh,fy2022,konzern_gesamtergebnisrechnung_vom_1_januar_bis_31_dezember_2022,Other,true,2026-06-28T09:27:09,overview source toggled via picker
ctec_i_gmbh,fy2023,3_erläuterungen_zur_konzerngesamtergebnisrechnung,Other,true,2026-06-28T09:27:15,overview source toggled via picker
ctec_i_gmbh,fy2023,3_erläuterungen_zur_konzerngesamtergebnisrechnung,Other,false,2026-06-28T09:27:15,overview source toggled via picker
ctec_i_gmbh,fy2023,konzern_gesamtergebnisrechnung_vom_1_januar_bis_31_dezember_2023,Other,true,2026-06-28T09:27:16,overview source toggled via picker
ctec_i_gmbh,fy2023,3_erläuterungen_zur_konzerngesamtergebnisrechnung,Other,true,2026-06-28T09:27:23,overview source toggled via picker
ctec_i_gmbh,fy2023,3_erläuterungen_zur_konzerngesamtergebnisrechnung,Other,false,2026-06-28T09:27:24,overview source toggled via picker
ctec_i_gmbh,fy2023,2023_2022,Other,true,2026-06-28T09:27:28,overview source toggled via picker
ctec_i_gmbh,fy2023,2023_2022,Other,false,2026-06-28T09:27:29,overview source toggled via picker
ctec_i_gmbh,fy2023,2023_2022,Other,true,2026-06-28T09:27:29,overview source toggled via picker
ctec_i_gmbh,fy2023,2023_2022,Other,false,2026-06-28T09:27:30,overview source toggled via picker
ctec_i_gmbh,fy2023,2023_2022,Other,true,2026-06-28T09:27:31,overview source toggled via picker
ctec_i_gmbh,fy2023,2023_2022,Other,false,2026-06-28T09:27:31,overview source toggled via picker
ctec_i_gmbh,fy2023,teur_teur,Other,true,2026-06-28T09:27:32,overview source toggled via picker
ctec_i_gmbh,fy2023,teur_teur,Other,false,2026-06-28T09:27:32,overview source toggled via picker
ctec_i_gmbh,fy2022,aktiv_passiv,Other,true,2026-06-28T09:27:33,overview source toggled via picker
ctec_i_gmbh,fy2022,aktiv_passiv,Other,false,2026-06-28T09:27:34,overview source toggled via picker
ctec_i_gmbh,fy2024,32_umsatzkosten,Other,true,2026-06-28T09:27:37,overview source toggled via picker
ctec_i_gmbh,fy2024,32_umsatzkosten,Other,false,2026-06-28T09:27:38,overview source toggled via picker
ctec_i_gmbh,fy2024,32_umsatzkosten,Other,true,2026-06-28T09:27:38,overview source toggled via picker
ctec_i_gmbh,fy2024,32_umsatzkosten,Other,false,2026-06-28T09:27:39,overview source toggled via picker
ctec_i_gmbh,fy2024,2024_2023,Other,true,2026-06-28T09:27:40,overview source toggled via picker
ctec_i_gmbh,fy2024,2024_2023,Other,false,2026-06-28T09:27:44,overview source toggled via picker
ctec_i_gmbh,fy2024,2024_2023,Other,true,2026-06-28T09:27:46,overview source toggled via picker
ctec_i_gmbh,fy2024,2024_2023,Other,false,2026-06-28T09:27:47,overview source toggled via picker
ctec_i_gmbh,fy2024,2024_2023,Other,true,2026-06-28T09:27:48,overview source toggled via picker
ctec_i_gmbh,fy2024,2024_2023,Other,false,2026-06-28T09:27:49,overview source toggled via picker
ctec_i_gmbh,fy2022,2022,Other,true,2026-06-28T09:27:50,overview source toggled via picker
ctec_i_gmbh,fy2022,2022,Other,false,2026-06-28T09:27:51,overview source toggled via picker
ctec_i_gmbh,fy2022,35_allgemeine_verwaltungskosten,Other,true,2026-06-28T09:27:51,overview source toggled via picker
ctec_i_gmbh,fy2022,35_allgemeine_verwaltungskosten,Other,false,2026-06-28T09:27:52,overview source toggled via picker
ctec_i_gmbh,fy2023,3_erläuterungen_zur_konzerngesamtergebnisrechnung,Other,true,2026-06-28T09:27:57,overview source toggled via picker
ctec_i_gmbh,fy2023,3_erläuterungen_zur_konzerngesamtergebnisrechnung,Other,false,2026-06-28T09:27:57,overview source toggled via picker
ctec_i_gmbh,fy2023,2023_2022,Other,true,2026-06-28T09:27:59,overview source toggled via picker
ctec_i_gmbh,fy2023,2023_2022,Other,false,2026-06-28T09:28:00,overview source toggled via picker
ctec_i_gmbh,fy2024,konzernbilanz_zum_31_dezember_2024,Other,false,2026-06-28T09:28:07,overview source toggled via picker
ctec_i_gmbh,fy2024,4_erläuterungen_zur_konzernbilanz,Other,false,2026-06-28T09:28:08,overview source toggled via picker
ctec_i_gmbh,fy2024,,Other,false,2026-06-28T09:28:08,overview source toggled via picker
ctec_i_gmbh,fy2024,kumuliertes_den_eigentümern_des_unterunehmenszurechenbares,Other,false,2026-06-28T09:28:09,overview source toggled via picker
ctec_i_gmbh,fy2022,erbracht_es_bestehen_keine_bedingten_gegenleistungen,Other,false,2026-06-28T09:28:09,overview source toggled via picker
ctec_i_gmbh,fy2022,,Other,false,2026-06-28T09:28:10,overview source toggled via picker
ctec_i_gmbh,fy2022,teur_teur,Other,false,2026-06-28T09:28:10,overview source toggled via picker
ctec_i_gmbh,fy2023,konzernbilanz_zum_31_dezember_2023,Other,false,2026-06-28T09:28:11,overview source toggled via picker
ctec_i_gmbh,fy2023,4_erläuterungen_zur_konzernbilanz,Other,false,2026-06-28T09:28:11,overview source toggled via picker
ctec_i_gmbh,fy2024,konzernbilanz_zum_31_dezember_2024,Other,true,2026-06-28T09:28:15,overview source toggled via picker
ctec_i_gmbh,fy2023,konzernbilanz_zum_31_dezember_2023,Other,true,2026-06-28T09:28:19,overview source toggled via picker
ctec_i_gmbh,fy2022,teur_teur,Other,true,2026-06-28T09:28:35,overview source toggled via picker
ctec_i_gmbh,fy2022,teur_teur,Other,false,2026-06-28T09:28:36,overview source toggled via picker
ctec_i_gmbh,fy2023,konzernbilanz_zum_31_dezember_2023,Bilanz,true,2026-06-28T09:28:54,reclassified from 99 via GUI
ctec_i_gmbh,fy2024,konzernbilanz_zum_31_dezember_2024,Other,false,2026-06-28T09:29:10,overview source toggled via picker
ctec_i_gmbh,fy2024,konzernbilanz_zum_31_dezember_2024,Other,true,2026-06-28T09:29:11,overview source toggled via picker
ctec_i_gmbh,fy2023,konzernbilanz_zum_31_dezember_2023,Bilanz,false,2026-06-28T09:29:12,overview source toggled via picker
ctec_i_gmbh,fy2022,teur_teur,Other,true,2026-06-28T09:29:13,overview source toggled via picker
ctec_i_gmbh,fy2023,konzernbilanz_zum_31_dezember_2023,Bilanz,true,2026-06-28T09:29:17,overview source toggled via picker
ctec_i_gmbh,fy2022,,Other,true,2026-06-28T09:29:21,overview source toggled via picker
ctec_i_gmbh,fy2022,,Other,false,2026-06-28T09:29:22,overview source toggled via picker
ctec_i_gmbh,fy2022,,Other,true,2026-06-28T09:29:22,overview source toggled via picker
ctec_i_gmbh,fy2022,erbracht_es_bestehen_keine_bedingten_gegenleistungen,Other,true,2026-06-28T09:29:26,overview source toggled via picker
ctec_i_gmbh,fy2022,erbracht_es_bestehen_keine_bedingten_gegenleistungen,Other,false,2026-06-28T09:29:27,overview source toggled via picker
ctec_i_gmbh,fy2022,erbracht_es_bestehen_keine_bedingten_gegenleistungen,Other,true,2026-06-28T09:29:27,overview source toggled via picker
ctec_i_gmbh,fy2024,kumuliertes_den_eigentümern_des_unterunehmenszurechenbares,Other,true,2026-06-28T09:29:28,overview source toggled via picker
ctec_i_gmbh,fy2024,kumuliertes_den_eigentümern_des_unterunehmenszurechenbares,Other,false,2026-06-28T09:29:29,overview source toggled via picker
ctec_i_gmbh,fy2022,erbracht_es_bestehen_keine_bedingten_gegenleistungen,Other,false,2026-06-28T09:29:29,overview source toggled via picker
ctec_i_gmbh,fy2023,4_erläuterungen_zur_konzernbilanz,Other,true,2026-06-28T09:29:30,overview source toggled via picker
ctec_i_gmbh,fy2023,4_erläuterungen_zur_konzernbilanz,Other,false,2026-06-28T09:29:31,overview source toggled via picker
ctec_i_gmbh,fy2023,4_erläuterungen_zur_konzernbilanz,Other,true,2026-06-28T09:29:31,overview source toggled via picker
ctec_i_gmbh,fy2024,4_erläuterungen_zur_konzernbilanz,Other,true,2026-06-28T09:29:32,overview source toggled via picker
ctec_i_gmbh,fy2024,,Other,true,2026-06-28T09:29:33,overview source toggled via picker
ctec_i_gmbh,fy2024,kumuliertes_den_eigentümern_des_unterunehmenszurechenbares,Other,true,2026-06-28T09:29:34,overview source toggled via picker
ctec_i_gmbh,fy2022,erbracht_es_bestehen_keine_bedingten_gegenleistungen,Other,true,2026-06-28T09:29:34,overview source toggled via picker
ctec_i_gmbh,fy2024,kumuliertes_den_eigentümern_des_unterunehmenszurechenbares,Other,false,2026-06-28T09:29:37,overview source toggled via picker
ctec_i_gmbh,fy2024,,Other,false,2026-06-28T09:29:38,overview source toggled via picker
ctec_i_gmbh,fy2024,4_erläuterungen_zur_konzernbilanz,Other,false,2026-06-28T09:29:38,overview source toggled via picker
ctec_i_gmbh,fy2024,konzernbilanz_zum_31_dezember_2024,Other,false,2026-06-28T09:29:39,overview source toggled via picker
ctec_i_gmbh,fy2024,konzernbilanz_zum_31_dezember_2024,Other,true,2026-06-28T09:29:39,overview source toggled via picker
ctec_i_gmbh,fy2024,konzernbilanz_zum_31_dezember_2024,Other,false,2026-06-28T09:29:40,overview source toggled via picker
ctec_i_gmbh,fy2024,konzernbilanz_zum_31_dezember_2024,Other,true,2026-06-28T09:29:40,overview source toggled via picker
ctec_i_gmbh,fy2024,4_erläuterungen_zur_konzernbilanz,Other,true,2026-06-28T09:29:42,overview source toggled via picker
ctec_i_gmbh,fy2024,,Other,true,2026-06-28T09:29:43,overview source toggled via picker
ctec_i_gmbh,fy2024,,Other,false,2026-06-28T09:29:44,overview source toggled via picker
ctec_i_gmbh,fy2024,4_erläuterungen_zur_konzernbilanz,Other,false,2026-06-28T09:29:44,overview source toggled via picker
ctec_i_gmbh,fy2024,kumuliertes_den_eigentümern_des_unterunehmenszurechenbares,Other,true,2026-06-28T09:29:45,overview source toggled via picker
ctec_i_gmbh,fy2024,kumuliertes_den_eigentümern_des_unterunehmenszurechenbares,Other,false,2026-06-28T09:29:45,overview source toggled via picker
ctec_i_gmbh,fy2022,,Other,false,2026-06-28T09:29:46,overview source toggled via picker
ctec_i_gmbh,fy2022,,Other,true,2026-06-28T09:29:46,overview source toggled via picker
ctec_i_gmbh,fy2022,erbracht_es_bestehen_keine_bedingten_gegenleistungen,Other,false,2026-06-28T09:29:47,overview source toggled via picker
ctec_i_gmbh,fy2022,erbracht_es_bestehen_keine_bedingten_gegenleistungen,Other,true,2026-06-28T09:29:47,overview source toggled via picker
ctec_i_gmbh,fy2022,teur_teur,Other,false,2026-06-28T09:29:48,overview source toggled via picker
ctec_i_gmbh,fy2022,teur_teur,Other,true,2026-06-28T09:29:48,overview source toggled via picker
ctec_i_gmbh,fy2023,konzernbilanz_zum_31_dezember_2023,Bilanz,false,2026-06-28T09:29:49,overview source toggled via picker
ctec_i_gmbh,fy2023,konzernbilanz_zum_31_dezember_2023,Bilanz,true,2026-06-28T09:29:50,overview source toggled via picker
ctec_i_gmbh,fy2023,konzernbilanz_zum_31_dezember_2023,Bilanz,false,2026-06-28T09:29:50,overview source toggled via picker
ctec_i_gmbh,fy2023,konzernbilanz_zum_31_dezember_2023,Bilanz,true,2026-06-28T09:29:50,overview source toggled via picker
ctec_i_gmbh,fy2023,4_erläuterungen_zur_konzernbilanz,Other,false,2026-06-28T09:29:52,overview source toggled via picker
ctec_i_gmbh,fy2023,4_erläuterungen_zur_konzernbilanz,Other,true,2026-06-28T09:29:52,overview source toggled via picker
ctec_i_gmbh,fy2023,4_erläuterungen_zur_konzernbilanz,Other,false,2026-06-28T09:29:53,overview source toggled via picker
ctec_i_gmbh,fy2023,4_erläuterungen_zur_konzernbilanz,Other,true,2026-06-28T09:29:53,overview source toggled via picker
ctec_i_gmbh,fy2023,4_erläuterungen_zur_konzernbilanz,Other,false,2026-06-28T09:29:54,overview source toggled via picker
ctec_i_gmbh,fy2023,4_erläuterungen_zur_konzernbilanz,Other,true,2026-06-28T09:29:55,overview source toggled via picker
ctec_i_gmbh,fy2024,,Other,false,2026-06-28T11:11:25,reclassified from 99 via GUI
ctec_i_gmbh,fy2024,kumuliertes_den_eigentümern_des_unterunehmenszurechenbares,Other,false,2026-06-28T11:11:29,reclassified from 99 via GUI
ctec_i_gmbh,fy2023,4_erläuterungen_zur_konzernbilanz,Other,true,2026-06-28T11:11:33,reclassified from 99 via GUI
ctec_i_gmbh,fy2024,4_erläuterungen_zur_konzernbilanz,Other,false,2026-06-28T11:11:36,reclassified from 99 via GUI
ctec_i_gmbh,fy2022,erbracht_es_bestehen_keine_bedingten_gegenleistungen,Other,true,2026-06-28T11:11:51,reclassified from 99 via GUI
ctec_i_gmbh,fy2024,2024_2023,Other,false,2026-06-28T11:12:11,reclassified from 99 via GUI
ctec_i_gmbh,fy2023,2023_2022,Other,false,2026-06-28T11:17:10,bulk reclassified from 99 via GUI
ctec_i_gmbh,fy2023,3_erläuterungen_zur_konzerngesamtergebnisrechnung,Other,false,2026-06-28T11:17:10,bulk reclassified from 99 via GUI
ctec_i_gmbh,fy2023,2023_2022,Other,false,2026-06-28T11:17:10,bulk reclassified from 99 via GUI
ctec_i_gmbh,fy2023,2023_2022,Other,false,2026-06-28T11:17:10,bulk reclassified from 99 via GUI
ctec_i_gmbh,fy2023,32_umsatzkosten,Other,false,2026-06-28T11:17:10,bulk reclassified from 99 via GUI
ctec_i_gmbh,fy2023,teur_teur,Other,false,2026-06-28T11:17:10,bulk reclassified from 99 via GUI
ctec_i_gmbh,fy2022,35_allgemeine_verwaltungskosten,Other,false,2026-06-28T11:17:22,reclassified from 99 via GUI
ctec_i_gmbh,fy2022,teur_2022,Other,false,2026-06-28T11:17:26,bulk reclassified from 99 via GUI
ctec_i_gmbh,fy2022,2022,Other,false,2026-06-28T11:17:26,bulk reclassified from 99 via GUI
ctec_i_gmbh,fy2022,35_allgemeine_verwaltungskosten,Other,false,2026-06-28T11:17:26,bulk reclassified from 99 via GUI
ctec_i_gmbh,fy2022,aktiv_passiv,Other,false,2026-06-28T11:17:26,bulk reclassified from 99 via GUI
ctec_i_gmbh,fy2022,,Other,false,2026-06-28T11:17:26,bulk reclassified from 99 via GUI
ctec_i_gmbh,fy2024,32_umsatzkosten,Other,false,2026-06-28T11:17:39,bulk reclassified from 99 via GUI
ctec_i_gmbh,fy2024,34_forschungs_und_entwicklungskosten,Other,false,2026-06-28T11:17:39,bulk reclassified from 99 via GUI
ctec_i_gmbh,fy2024,2024_2023,Other,false,2026-06-28T11:17:39,bulk reclassified from 99 via GUI
ctec_i_gmbh,fy2024,die_nachfolgende_tabelle_zeigt_die_im_konzernabschluss_bilanzierten_buchwerte_un,Other,false,2026-06-28T11:17:57,bulk reclassified from 99 via GUI
ctec_i_gmbh,fy2024,,Other,false,2026-06-28T11:17:57,bulk reclassified from 99 via GUI
ctec_i_gmbh,fy2024,1ac_bewertet_zu_fortgeführten_anschaffungskosten_unter_anwendung_der_effektivzin,Other,false,2026-06-28T11:17:57,bulk reclassified from 99 via GUI
ctec_i_gmbh,fy2024,konzernkapitalflussrechnung_für_das_geschäftsjahr_vom_1_januar_bis_31_dezember_2,Other,true,2026-06-28T11:17:57,bulk reclassified from 99 via GUI
ctec_i_gmbh,fy2024,kapitalmanagement,Other,false,2026-06-28T11:17:57,bulk reclassified from 99 via GUI
ctec_i_gmbh,fy2024,5_angaben_zur_konzernkapitalflussrechnung,Other,true,2026-06-28T11:18:03,reclassified from 99 via GUI
ctec_i_gmbh,fy2024,konzernkapitalflussrechnung_für_das_geschäftsjahr_vom_1_januar_bis_31_dezember_2,Cashflow,true,2026-06-28T11:18:16,reclassified from 99 via GUI
ctec_i_gmbh,fy2023,,Other,false,2026-06-28T11:18:23,reclassified from 99 via GUI
ctec_i_gmbh,fy2022,,Other,false,2026-06-28T11:18:43,reclassified from 99 via GUI
ctec_i_gmbh,fy2023,nettogewinne_und_verluste_sowie_gesamtzinserträge_und_aufwendungen,Other,false,2026-06-28T11:18:47,bulk reclassified from 99 via GUI
ctec_i_gmbh,fy2023,kapitalmanagement,Other,false,2026-06-28T11:18:47,bulk reclassified from 99 via GUI
ctec_i_gmbh,fy2022,,Other,false,2026-06-28T11:18:47,bulk reclassified from 99 via GUI
ctec_i_gmbh,fy2022,stufe_1_stufe_2_stufe_3,Other,false,2026-06-28T11:18:47,bulk reclassified from 99 via GUI
ctec_i_gmbh,fy2023,2023_2022,Other,false,2026-06-28T11:18:47,bulk reclassified from 99 via GUI
ctec_i_gmbh,fy2022,5_angaben_zur_konzernkapitalflussrechnung,Other,true,2026-06-28T11:18:47,bulk reclassified from 99 via GUI
ctec_i_gmbh,fy2022,forderungen_aus_lieferungen_und_leistungen,Other,false,2026-06-28T11:18:47,bulk reclassified from 99 via GUI
bode_die_tür_gmbh,fy2024,erläuterungen_zur_gewinn_und_verlustrechnung,Other,true,2026-06-28T14:13:48,bulk reclassified from 99 via GUI
bode_die_tür_gmbh,fy2022,entwicklung_des_anlagevermögens_für_die_zeit_vom_1_januar_bis_31_dezember_2022,Other,true,2026-06-28T14:13:48,bulk reclassified from 99 via GUI
bode_die_tür_gmbh,fy2022,,Other,true,2026-06-28T14:13:48,bulk reclassified from 99 via GUI
bode_die_tür_gmbh,fy2022,sonstige_angaben,Other,true,2026-06-28T14:13:48,bulk reclassified from 99 via GUI
bode_die_tür_gmbh,fy2023,erläuterungen_zur_gewinn_und_verlustrechnung,Other,true,2026-06-28T14:13:48,bulk reclassified from 99 via GUI
bode_die_tür_gmbh,fy2023,,Other,true,2026-06-28T14:13:48,bulk reclassified from 99 via GUI
bode_die_tür_gmbh,fy2023,,Other,true,2026-06-28T14:13:48,bulk reclassified from 99 via GUI
bode_die_tür_gmbh,fy2023,sonstige_angaben,Other,true,2026-06-28T14:13:48,bulk reclassified from 99 via GUI
bode_die_tür_gmbh,fy2024,,Other,true,2026-06-28T14:13:48,bulk reclassified from 99 via GUI
bode_die_tür_gmbh,fy2024,,Other,true,2026-06-28T14:13:48,bulk reclassified from 99 via GUI
bode_die_tür_gmbh,fy2024,,Other,true,2026-06-28T14:13:48,bulk reclassified from 99 via GUI
bode_die_tür_gmbh,fy2025,,Other,true,2026-06-28T14:13:48,bulk reclassified from 99 via GUI
bode_die_tür_gmbh,fy2025,,Other,true,2026-06-28T14:13:48,bulk reclassified from 99 via GUI
bode_die_tür_gmbh,fy2025,3_forderungen_und_sonstige_v_ermögensgegenstände,Other,true,2026-06-28T14:13:48,bulk reclassified from 99 via GUI
bode_die_tür_gmbh,fy2024,gewinn_und_verlustrechnung,Other,false,2026-06-28T14:15:25,overview source toggled via picker
bode_die_tür_gmbh,fy2022,gewinn_und_verlustrechnung,Other,false,2026-06-28T14:15:26,overview source toggled via picker
bode_die_tür_gmbh,fy2022,gewinn_und_verlustrechnung,Other,true,2026-06-28T14:15:26,overview source toggled via picker
bode_die_tür_gmbh,fy2024,gewinn_und_verlustrechnung,Other,true,2026-06-28T14:15:26,overview source toggled via picker
bode_die_tür_gmbh,fy2023,gewinn_und_verlustrechnung,Other,false,2026-06-28T14:15:28,overview source toggled via picker
bode_die_tür_gmbh,fy2023,gewinn_und_verlustrechnung,Other,true,2026-06-28T14:15:28,overview source toggled via picker
bode_die_tür_gmbh,fy2025,gewinn_und_verlustrechnung,Other,false,2026-06-28T14:15:29,overview source toggled via picker
bode_die_tür_gmbh,fy2025,gewinn_und_verlustrechnung,Other,true,2026-06-28T14:15:29,overview source toggled via picker
lea_partners_gmbh_karlsruhe,fy2024,buchwerte,Other,true,2026-06-28T14:25:37,reclassified from 99 via GUI
lea_partners_gmbh_karlsruhe,fy2017,lea_partners_gmbh,Other,false,2026-06-28T14:25:52,overview source toggled via picker
lea_partners_gmbh_karlsruhe,fy2017,lea_partners_gmbh,Other,true,2026-06-28T14:25:53,overview source toggled via picker
lea_partners_gmbh_karlsruhe,fy2021,lea_partners_gmbh,Other,false,2026-06-28T14:25:53,overview source toggled via picker
lea_partners_gmbh_karlsruhe,fy2022,lea_partners_gmbh,Other,false,2026-06-28T14:25:54,overview source toggled via picker
lea_partners_gmbh_karlsruhe,fy2024,bilanz_zum_31_dezember_2024,Other,false,2026-06-28T14:25:55,overview source toggled via picker
lea_partners_gmbh_karlsruhe,fy2024,31122024_31122023,Other,false,2026-06-28T14:25:55,overview source toggled via picker
lea_partners_gmbh_karlsruhe,fy2016,lea_partners_gmbh,Other,false,2026-06-28T14:25:56,overview source toggled via picker
lea_partners_gmbh_karlsruhe,fy2023,lea_partners_gmbh,Other,false,2026-06-28T14:25:56,overview source toggled via picker
lea_partners_gmbh_karlsruhe,fy2018,lea_partners_gmbh,Other,false,2026-06-28T14:25:57,overview source toggled via picker
lea_partners_gmbh_karlsruhe,fy2020,lea_partners_gmbh,Other,false,2026-06-28T14:25:57,overview source toggled via picker
lea_partners_gmbh_karlsruhe,fy2021,lea_partners_gmbh,Other,true,2026-06-28T14:25:58,overview source toggled via picker
lea_partners_gmbh_karlsruhe,fy2022,lea_partners_gmbh,Other,true,2026-06-28T14:26:05,overview source toggled via picker
lea_partners_gmbh_karlsruhe,fy2020,lea_partners_gmbh,Other,true,2026-06-28T14:26:05,overview source toggled via picker
lea_partners_gmbh_karlsruhe,fy2024,bilanz_zum_31_dezember_2024,Other,true,2026-06-28T14:26:06,overview source toggled via picker
lea_partners_gmbh_karlsruhe,fy2016,lea_partners_gmbh,Other,true,2026-06-28T14:26:07,overview source toggled via picker
lea_partners_gmbh_karlsruhe,fy2023,lea_partners_gmbh,Other,true,2026-06-28T14:26:08,overview source toggled via picker
lea_partners_gmbh_karlsruhe,fy2018,lea_partners_gmbh,Other,true,2026-06-28T14:26:08,overview source toggled via picker
lea_partners_gmbh_karlsruhe,fy2017,lea_partners_gmbh,Other,false,2026-06-28T14:26:09,overview source toggled via picker
lea_partners_gmbh_karlsruhe,fy2021,lea_partners_gmbh,Other,false,2026-06-28T14:26:09,overview source toggled via picker
lea_partners_gmbh_karlsruhe,fy2022,lea_partners_gmbh,Other,false,2026-06-28T14:26:10,overview source toggled via picker
lea_partners_gmbh_karlsruhe,fy2020,lea_partners_gmbh,Other,false,2026-06-28T14:26:10,overview source toggled via picker
lea_partners_gmbh_karlsruhe,fy2024,bilanz_zum_31_dezember_2024,Other,false,2026-06-28T14:26:11,overview source toggled via picker
lea_partners_gmbh_karlsruhe,fy2023,lea_partners_gmbh,Other,false,2026-06-28T14:26:13,overview source toggled via picker
lea_partners_gmbh_karlsruhe,fy2018,lea_partners_gmbh,Other,false,2026-06-28T14:26:13,overview source toggled via picker
lea_partners_gmbh_karlsruhe,fy2024,bilanz_zum_31_dezember_2024,Bilanz,false,2026-06-28T14:26:26,reclassified from 99 via GUI
lea_partners_gmbh_karlsruhe,fy2024,bilanz_zum_31_dezember_2024,Bilanz,true,2026-06-28T14:26:30,overview include toggled via GUI
lea_partners_gmbh_karlsruhe,fy2024,31122024_31122023,Other,true,2026-06-28T14:26:31,overview include toggled via GUI
lea_partners_gmbh_karlsruhe,fy2024,31122024_31122023,Other,false,2026-06-28T14:26:33,overview include toggled via GUI
lea_partners_gmbh_karlsruhe,fy2024,31122024_31122023,Other,true,2026-06-28T14:26:34,overview include toggled via GUI
lea_partners_gmbh_karlsruhe,fy2024,31122024_31122023,Bilanz,true,2026-06-28T14:26:44,bulk reclassified from 99 via GUI
lea_partners_gmbh_karlsruhe,fy2020,lea_partners_gmbh,Bilanz,false,2026-06-28T14:26:44,bulk reclassified from 99 via GUI
lea_partners_gmbh_karlsruhe,fy2023,lea_partners_gmbh,Bilanz,false,2026-06-28T14:26:44,bulk reclassified from 99 via GUI
lea_partners_gmbh_karlsruhe,fy2021,lea_partners_gmbh,Bilanz,false,2026-06-28T14:26:44,bulk reclassified from 99 via GUI
lea_partners_gmbh_karlsruhe,fy2022,lea_partners_gmbh,Bilanz,false,2026-06-28T14:26:44,bulk reclassified from 99 via GUI
lea_partners_gmbh_karlsruhe,fy2018,lea_partners_gmbh,Bilanz,false,2026-06-28T14:26:44,bulk reclassified from 99 via GUI
lea_partners_gmbh_karlsruhe,fy2017,lea_partners_gmbh,Bilanz,false,2026-06-28T14:26:44,bulk reclassified from 99 via GUI
lea_partners_gmbh_karlsruhe,fy2016,lea_partners_gmbh,Bilanz,true,2026-06-28T14:26:44,bulk reclassified from 99 via GUI
lea_partners_gmbh_karlsruhe,fy2023,lea_partners_gmbh,Bilanz,true,2026-06-28T14:26:47,overview include toggled via GUI
lea_partners_gmbh_karlsruhe,fy2022,lea_partners_gmbh,Bilanz,true,2026-06-28T14:26:48,overview include toggled via GUI
lea_partners_gmbh_karlsruhe,fy2021,lea_partners_gmbh,Bilanz,true,2026-06-28T14:26:49,overview include toggled via GUI
lea_partners_gmbh_karlsruhe,fy2020,lea_partners_gmbh,Bilanz,true,2026-06-28T14:26:50,overview include toggled via GUI
lea_partners_gmbh_karlsruhe,fy2018,lea_partners_gmbh,Bilanz,true,2026-06-28T14:26:51,overview include toggled via GUI
lea_partners_gmbh_karlsruhe,fy2017,lea_partners_gmbh,Bilanz,true,2026-06-28T14:26:52,overview include toggled via GUI
lea_partners_gmbh_karlsruhe,fy2024,gewinn_und_verlustrechnung_für_die_zeit_vom_01_januar_bis_31_dezember_2024,Other,false,2026-06-28T14:26:59,overview include toggled via GUI
lea_partners_gmbh_karlsruhe,fy2024,gewinn_und_verlustrechnung_für_die_zeit_vom_01_januar_bis_31_dezember_2024,Other,true,2026-06-28T14:26:59,overview include toggled via GUI
lea_partners_gmbh_karlsruhe,fy2024,buchwerte,Other,false,2026-06-28T14:27:00,overview include toggled via GUI
lea_partners_gmbh_karlsruhe,fy2024,gewinn_und_verlustrechnung_für_die_zeit_vom_01_januar_bis_31_dezember_2024,Other,false,2026-06-28T14:27:07,overview source toggled via picker
lea_partners_gmbh_karlsruhe,fy2024,gewinn_und_verlustrechnung_für_die_zeit_vom_01_januar_bis_31_dezember_2024,Other,true,2026-06-28T14:27:07,overview source toggled via picker
lea_partners_gmbh_karlsruhe,fy2017,lea_partners_gmbh,Bilanz,false,2026-06-28T14:27:23,overview source toggled via picker
lea_partners_gmbh_karlsruhe,fy2021,lea_partners_gmbh,Bilanz,false,2026-06-28T14:27:24,overview source toggled via picker
lea_partners_gmbh_karlsruhe,fy2022,lea_partners_gmbh,Bilanz,false,2026-06-28T14:27:24,overview source toggled via picker
lea_partners_gmbh_karlsruhe,fy2020,lea_partners_gmbh,Bilanz,false,2026-06-28T14:27:25,overview source toggled via picker
lea_partners_gmbh_karlsruhe,fy2024,bilanz_zum_31_dezember_2024,Bilanz,false,2026-06-28T14:27:25,overview source toggled via picker
lea_partners_gmbh_karlsruhe,fy2024,31122024_31122023,Bilanz,false,2026-06-28T14:27:26,overview source toggled via picker
lea_partners_gmbh_karlsruhe,fy2016,lea_partners_gmbh,Bilanz,false,2026-06-28T14:27:26,overview source toggled via picker
lea_partners_gmbh_karlsruhe,fy2023,lea_partners_gmbh,Bilanz,false,2026-06-28T14:27:27,overview source toggled via picker
lea_partners_gmbh_karlsruhe,fy2018,lea_partners_gmbh,Bilanz,false,2026-06-28T14:27:27,overview source toggled via picker
lea_partners_gmbh_karlsruhe,fy2018,lea_partners_gmbh,Bilanz,true,2026-06-28T14:27:28,overview source toggled via picker
lea_partners_gmbh_karlsruhe,fy2017,lea_partners_gmbh,Bilanz,true,2026-06-28T14:27:30,overview source toggled via picker
lea_partners_gmbh_karlsruhe,fy2021,lea_partners_gmbh,Bilanz,true,2026-06-28T14:27:40,overview source toggled via picker
lea_partners_gmbh_karlsruhe,fy2022,lea_partners_gmbh,Bilanz,true,2026-06-28T14:27:40,overview source toggled via picker
lea_partners_gmbh_karlsruhe,fy2020,lea_partners_gmbh,Bilanz,true,2026-06-28T14:27:41,overview source toggled via picker
lea_partners_gmbh_karlsruhe,fy2024,bilanz_zum_31_dezember_2024,Bilanz,true,2026-06-28T14:27:41,overview source toggled via picker
lea_partners_gmbh_karlsruhe,fy2024,31122024_31122023,Bilanz,true,2026-06-28T14:27:42,overview source toggled via picker
lea_partners_gmbh_karlsruhe,fy2016,lea_partners_gmbh,Bilanz,true,2026-06-28T14:27:42,overview source toggled via picker
lea_partners_gmbh_karlsruhe,fy2023,lea_partners_gmbh,Bilanz,true,2026-06-28T14:27:42,overview source toggled via picker
lea_partners_gmbh_karlsruhe,fy2024,31122024_31122023,Bilanz,false,2026-06-28T14:31:13,overview include toggled via GUI
lea_partners_gmbh_karlsruhe,fy2024,31122024_31122023,Other,false,2026-06-28T14:31:16,reclassified from 0 via GUI
lea_partners_gmbh_karlsruhe,fy2020,lea_partners_gmbh,Bilanz,false,2026-06-28T14:31:27,overview source toggled via picker
lea_partners_gmbh_karlsruhe,fy2020,lea_partners_gmbh,Bilanz,true,2026-06-28T14:31:27,overview source toggled via picker
lea_partners_gmbh_karlsruhe,fy2024,bilanz_zum_31_dezember_2024,Bilanz,false,2026-06-28T14:31:28,overview source toggled via picker
lea_partners_gmbh_karlsruhe,fy2016,lea_partners_gmbh,Bilanz,false,2026-06-28T14:31:28,overview source toggled via picker
lea_partners_gmbh_karlsruhe,fy2023,lea_partners_gmbh,Bilanz,false,2026-06-28T14:31:29,overview source toggled via picker
lea_partners_gmbh_karlsruhe,fy2018,lea_partners_gmbh,Bilanz,false,2026-06-28T14:31:29,overview source toggled via picker
lea_partners_gmbh_karlsruhe,fy2020,lea_partners_gmbh,Bilanz,false,2026-06-28T14:31:30,overview source toggled via picker
lea_partners_gmbh_karlsruhe,fy2022,lea_partners_gmbh,Bilanz,false,2026-06-28T14:31:31,overview source toggled via picker
lea_partners_gmbh_karlsruhe,fy2021,lea_partners_gmbh,Bilanz,false,2026-06-28T14:31:31,overview source toggled via picker
lea_partners_gmbh_karlsruhe,fy2017,lea_partners_gmbh,Bilanz,false,2026-06-28T14:31:32,overview source toggled via picker
lea_partners_gmbh_karlsruhe,fy2024,bilanz_zum_31_dezember_2024,Bilanz,true,2026-06-28T14:31:33,overview source toggled via picker
lea_partners_gmbh_karlsruhe,fy2023,lea_partners_gmbh,Bilanz,true,2026-06-28T14:31:35,overview source toggled via picker
lea_partners_gmbh_karlsruhe,fy2022,lea_partners_gmbh,Bilanz,true,2026-06-28T14:31:37,overview source toggled via picker
ctec_i_gmbh_plochingen_vormals_münchen,fy2024,4_erläuterungen_zur_konzernbilanz,Other,true,2026-06-28T19:07:17,reclassified from 99 via GUI
ctec_i_gmbh_plochingen_vormals_münchen,fy2023,4_erläuterungen_zur_konzernbilanz,Other,true,2026-06-28T19:07:47,bulk reclassified from 99 via GUI
ctec_i_gmbh_plochingen_vormals_münchen,fy2024,kumuliertes_den_eigentümern_des_unterunehmenszurechenbares,Other,true,2026-06-28T19:07:47,bulk reclassified from 99 via GUI
ctec_i_gmbh_plochingen_vormals_münchen,fy2024,,Other,true,2026-06-28T19:07:47,bulk reclassified from 99 via GUI
ctec_i_gmbh_plochingen_vormals_münchen,fy2022,,Other,true,2026-06-28T19:07:47,bulk reclassified from 99 via GUI
ctec_i_gmbh_plochingen_vormals_münchen,fy2022,teur_teur,Other,false,2026-06-28T19:07:55,overview source toggled via picker
ctec_i_gmbh_plochingen_vormals_münchen,fy2022,teur_teur,Other,true,2026-06-28T19:07:55,overview source toggled via picker
